{
  "ABIRoot": {
    "kind": "Root",
    "name": "TopLevel",
    "printedName": "TopLevel",
    "children": [
      {
        "kind": "Import",
        "name": "Foundation",
        "printedName": "Foundation",
        "declKind": "Import",
        "moduleName": "VellyKit",
        "declAttributes": [
          "RawDocComment"
        ]
      },
      {
        "kind": "TypeDecl",
        "name": "Pronoun",
        "printedName": "Pronoun",
        "children": [
          {
            "kind": "Var",
            "name": "sheHer",
            "printedName": "sheHer",
            "children": [
              {
                "kind": "TypeFunc",
                "name": "Function",
                "printedName": "(VellyKit.Pronoun.Type) -> VellyKit.Pronoun",
                "children": [
                  {
                    "kind": "TypeNominal",
                    "name": "Pronoun",
                    "printedName": "VellyKit.Pronoun",
                    "usr": "s:8VellyKit7PronounO"
                  },
                  {
                    "kind": "TypeNominal",
                    "name": "Metatype",
                    "printedName": "VellyKit.Pronoun.Type",
                    "children": [
                      {
                        "kind": "TypeNominal",
                        "name": "Pronoun",
                        "printedName": "VellyKit.Pronoun",
                        "usr": "s:8VellyKit7PronounO"
                      }
                    ]
                  }
                ]
              }
            ],
            "declKind": "EnumElement",
            "usr": "s:8VellyKit7PronounO6sheHeryA2CmF",
            "mangledName": "$s8VellyKit7PronounO6sheHeryA2CmF",
            "moduleName": "VellyKit",
            "fixedbinaryorder": 0
          },
          {
            "kind": "Var",
            "name": "heHim",
            "printedName": "heHim",
            "children": [
              {
                "kind": "TypeFunc",
                "name": "Function",
                "printedName": "(VellyKit.Pronoun.Type) -> VellyKit.Pronoun",
                "children": [
                  {
                    "kind": "TypeNominal",
                    "name": "Pronoun",
                    "printedName": "VellyKit.Pronoun",
                    "usr": "s:8VellyKit7PronounO"
                  },
                  {
                    "kind": "TypeNominal",
                    "name": "Metatype",
                    "printedName": "VellyKit.Pronoun.Type",
                    "children": [
                      {
                        "kind": "TypeNominal",
                        "name": "Pronoun",
                        "printedName": "VellyKit.Pronoun",
                        "usr": "s:8VellyKit7PronounO"
                      }
                    ]
                  }
                ]
              }
            ],
            "declKind": "EnumElement",
            "usr": "s:8VellyKit7PronounO5heHimyA2CmF",
            "mangledName": "$s8VellyKit7PronounO5heHimyA2CmF",
            "moduleName": "VellyKit",
            "fixedbinaryorder": 1
          },
          {
            "kind": "Var",
            "name": "theyThem",
            "printedName": "theyThem",
            "children": [
              {
                "kind": "TypeFunc",
                "name": "Function",
                "printedName": "(VellyKit.Pronoun.Type) -> VellyKit.Pronoun",
                "children": [
                  {
                    "kind": "TypeNominal",
                    "name": "Pronoun",
                    "printedName": "VellyKit.Pronoun",
                    "usr": "s:8VellyKit7PronounO"
                  },
                  {
                    "kind": "TypeNominal",
                    "name": "Metatype",
                    "printedName": "VellyKit.Pronoun.Type",
                    "children": [
                      {
                        "kind": "TypeNominal",
                        "name": "Pronoun",
                        "printedName": "VellyKit.Pronoun",
                        "usr": "s:8VellyKit7PronounO"
                      }
                    ]
                  }
                ]
              }
            ],
            "declKind": "EnumElement",
            "usr": "s:8VellyKit7PronounO8theyThemyA2CmF",
            "mangledName": "$s8VellyKit7PronounO8theyThemyA2CmF",
            "moduleName": "VellyKit",
            "fixedbinaryorder": 2
          },
          {
            "kind": "Constructor",
            "name": "init",
            "printedName": "init(rawValue:)",
            "children": [
              {
                "kind": "TypeNominal",
                "name": "Optional",
                "printedName": "VellyKit.Pronoun?",
                "children": [
                  {
                    "kind": "TypeNominal",
                    "name": "Pronoun",
                    "printedName": "VellyKit.Pronoun",
                    "usr": "s:8VellyKit7PronounO"
                  }
                ],
                "usr": "s:Sq"
              },
              {
                "kind": "TypeNominal",
                "name": "String",
                "printedName": "Swift.String",
                "usr": "s:SS"
              }
            ],
            "declKind": "Constructor",
            "usr": "s:8VellyKit7PronounO8rawValueACSgSS_tcfc",
            "mangledName": "$s8VellyKit7PronounO8rawValueACSgSS_tcfc",
            "moduleName": "VellyKit",
            "implicit": true,
            "init_kind": "Designated"
          },
          {
            "kind": "Var",
            "name": "rawValue",
            "printedName": "rawValue",
            "children": [
              {
                "kind": "TypeNominal",
                "name": "String",
                "printedName": "Swift.String",
                "usr": "s:SS"
              }
            ],
            "declKind": "Var",
            "usr": "s:8VellyKit7PronounO8rawValueSSvp",
            "mangledName": "$s8VellyKit7PronounO8rawValueSSvp",
            "moduleName": "VellyKit",
            "implicit": true,
            "accessors": [
              {
                "kind": "Accessor",
                "name": "Get",
                "printedName": "Get()",
                "children": [
                  {
                    "kind": "TypeNominal",
                    "name": "String",
                    "printedName": "Swift.String",
                    "usr": "s:SS"
                  }
                ],
                "declKind": "Accessor",
                "usr": "s:8VellyKit7PronounO8rawValueSSvg",
                "mangledName": "$s8VellyKit7PronounO8rawValueSSvg",
                "moduleName": "VellyKit",
                "implicit": true,
                "accessorKind": "get"
              }
            ]
          }
        ],
        "declKind": "Enum",
        "usr": "s:8VellyKit7PronounO",
        "mangledName": "$s8VellyKit7PronounO",
        "moduleName": "VellyKit",
        "enumRawTypeName": "String",
        "isEnumExhaustive": true,
        "conformances": [
          {
            "kind": "Conformance",
            "name": "Equatable",
            "printedName": "Equatable",
            "usr": "s:SQ",
            "mangledName": "$sSQ"
          },
          {
            "kind": "Conformance",
            "name": "RawRepresentable",
            "printedName": "RawRepresentable",
            "children": [
              {
                "kind": "TypeWitness",
                "name": "RawValue",
                "printedName": "RawValue",
                "children": [
                  {
                    "kind": "TypeNominal",
                    "name": "String",
                    "printedName": "Swift.String",
                    "usr": "s:SS"
                  }
                ]
              }
            ],
            "usr": "s:SY",
            "mangledName": "$sSY"
          },
          {
            "kind": "Conformance",
            "name": "Hashable",
            "printedName": "Hashable",
            "usr": "s:SH",
            "mangledName": "$sSH"
          },
          {
            "kind": "Conformance",
            "name": "Decodable",
            "printedName": "Decodable",
            "usr": "s:Se",
            "mangledName": "$sSe"
          },
          {
            "kind": "Conformance",
            "name": "Encodable",
            "printedName": "Encodable",
            "usr": "s:SE",
            "mangledName": "$sSE"
          },
          {
            "kind": "Conformance",
            "name": "Sendable",
            "printedName": "Sendable",
            "usr": "s:s8SendableP",
            "mangledName": "$ss8SendableP"
          }
        ]
      },
      {
        "kind": "TypeDecl",
        "name": "VellyKit",
        "printedName": "VellyKit",
        "children": [
          {
            "kind": "Var",
            "name": "text",
            "printedName": "text",
            "children": [
              {
                "kind": "TypeNominal",
                "name": "String",
                "printedName": "Swift.String",
                "usr": "s:SS"
              }
            ],
            "declKind": "Var",
            "usr": "s:8VellyKitAAV4textSSvp",
            "mangledName": "$s8VellyKitAAV4textSSvp",
            "moduleName": "VellyKit",
            "declAttributes": [
              "HasInitialValue",
              "HasStorage",
              "SetterAccess",
              "AccessControl"
            ],
            "hasStorage": true,
            "accessors": [
              {
                "kind": "Accessor",
                "name": "Get",
                "printedName": "Get()",
                "children": [
                  {
                    "kind": "TypeNominal",
                    "name": "String",
                    "printedName": "Swift.String",
                    "usr": "s:SS"
                  }
                ],
                "declKind": "Accessor",
                "usr": "s:8VellyKitAAV4textSSvg",
                "mangledName": "$s8VellyKitAAV4textSSvg",
                "moduleName": "VellyKit",
                "implicit": true,
                "accessorKind": "get"
              }
            ]
          },
          {
            "kind": "Constructor",
            "name": "init",
            "printedName": "init()",
            "children": [
              {
                "kind": "TypeNominal",
                "name": "VellyKit",
                "printedName": "VellyKit.VellyKit",
                "usr": "s:8VellyKitAAV"
              }
            ],
            "declKind": "Constructor",
            "usr": "s:8VellyKitAAVABycfc",
            "mangledName": "$s8VellyKitAAVABycfc",
            "moduleName": "VellyKit",
            "declAttributes": [
              "AccessControl"
            ],
            "init_kind": "Designated"
          }
        ],
        "declKind": "Struct",
        "usr": "s:8VellyKitAAV",
        "mangledName": "$s8VellyKitAAV",
        "moduleName": "VellyKit",
        "declAttributes": [
          "AccessControl"
        ]
      }
    ],
    "json_format_version": 8
  },
  "ConstValues": [
    {
      "filePath": "\/Users\/velly-eng\/Developer\/velly\/VellyKit\/Sources\/VellyKit\/Pronoun.swift",
      "kind": "StringLiteral",
      "offset": 156,
      "length": 9,
      "value": "\"She\/Her\""
    },
    {
      "filePath": "\/Users\/velly-eng\/Developer\/velly\/VellyKit\/Sources\/VellyKit\/Pronoun.swift",
      "kind": "StringLiteral",
      "offset": 183,
      "length": 8,
      "value": "\"He\/Him\""
    },
    {
      "filePath": "\/Users\/velly-eng\/Developer\/velly\/VellyKit\/Sources\/VellyKit\/Pronoun.swift",
      "kind": "StringLiteral",
      "offset": 212,
      "length": 11,
      "value": "\"They\/Them\""
    },
    {
      "filePath": "\/Users\/velly-eng\/Developer\/velly\/VellyKit\/Sources\/VellyKit\/Pronoun.swift",
      "kind": "StringLiteral",
      "offset": 156,
      "length": 9,
      "value": "\"She\/Her\""
    },
    {
      "filePath": "\/Users\/velly-eng\/Developer\/velly\/VellyKit\/Sources\/VellyKit\/Pronoun.swift",
      "kind": "StringLiteral",
      "offset": 183,
      "length": 8,
      "value": "\"He\/Him\""
    },
    {
      "filePath": "\/Users\/velly-eng\/Developer\/velly\/VellyKit\/Sources\/VellyKit\/Pronoun.swift",
      "kind": "StringLiteral",
      "offset": 212,
      "length": 11,
      "value": "\"They\/Them\""
    },
    {
      "filePath": "\/Users\/velly-eng\/Developer\/velly\/VellyKit\/Sources\/VellyKit\/VellyKit.swift",
      "kind": "StringLiteral",
      "offset": 60,
      "length": 15,
      "value": "\"Hello, World!\""
    }
  ]
}